msisdn,client_type,full_name,inn,account_number,city,country,address,birth_date,gender,document_type,document_name,document_number,document_series,issued_by,issued_date
79461353926,1,Баранов Глеб Евсеевич,800784314676,2364499674260,ст. Лабинск,Russia,"д. Сузун, ул. Астраханская, д. 64, 523352",1992-04-26,1,105,identity_card_refugees,667685,,"Отд. гор. г. Ялуторовск, ул. Амурская",2011-04-09
79826228056,1,Зимин Мина Владиславович,276798435947,4742189536078,клх Алапаевск,Russia,"к. Белокуриха, ул. Урицкого, д. 45, 598123",1996-05-16,1,1,passport,851288,6055,"Отд. гор. ст. Белый Яр (Томск.), ул. Журавлева",2018-01-17
79495592333,1,Степанова Александра Валентиновна,327273300619,8152744015037,д. Шилка,Russia,"клх Лянтор, ул. Колхозная, д. 07, 690913",2004-12-19,2,1,passport,780168,9612,"Отд. гор. д. Рыльск, ул. Николаева",2013-07-05
79727289566,1,Фролов Евсей Трифонович,784840688025,7820292360480,ст. Шерегеш,Russia,"клх Кашира, ул. Тихая, д. 84, 916961",1990-03-26,1,1,passport,514506,9640,"Отд. гор. п. Гаврилов-Ям, ул. Ленская",2014-05-28
79606653720,1,Шубин Галактион Чеславович,406300746568,7586529224575,ст. Яшалта,Russia,"ст. Норильск, ул. Чернышевского, д. 49, 003971",1993-07-04,1,1,passport,970417,5321,"Отд. гор. к. Сеймчан, ул. Ручейная",2010-12-23
79668023867,1,Галкин Валерьян Валерианович,510379030179,5856464677673,г. Качканар,Russia,"ст. Ржев, ул. Советов, д. 61, 307627",1996-03-25,1,1,passport,391093,7313,"Отд. гор. д. Беломорск, ул. Фурманова",2014-01-07
79179738890,1,Соболева Лидия Федоровна,615799264718,5664266917167,с. Гатчина,Russia,"с. Тихорецк, ул. Снежная, д. 80, 886293",2004-07-20,2,1,passport,544766,3898,"Отд. гор. с. Муром, ул. Короткая",2012-02-23
79046543575,1,Семенов Спиридон Ермолаевич,942122743716,5287878113361,д. Усть-Ишим,Russia,"п. Вологда, ул. Смирнова, д. 32, 895932",1999-12-27,1,1,passport,604179,1535,"Отд. гор. д. Серафимович, ул. Ангарская",2017-02-21
79046947872,1,Кулагина Наина Архиповна,355982174419,4542371042843,к. Нефтегорск (Самар.),Russia,"г. Кудымкар, ул. Королева, д. 69, 014913",1995-10-04,2,1,passport,400193,1524,"Отд. гор. ст. Сызрань, ул. Ломоносова",2013-01-21
79829712451,1,Афанасьева Валерия Вениаминовна,371614425786,2608192444843,д. Ступино,Russia,"п. Карачаевск, ул. Заливная, д. 50, 265181",1993-05-13,2,102,ussr_passport,467411,,"Отд. гор. к. Лагань, ул. Крупской",2017-11-06
79907055164,1,Громова Ульяна Вениаминовна,255470487406,3213796119877,ст. Верхоянск,Russia,"к. Мезень, ул. Волгоградская, д. 10, 751509",1994-10-13,2,1,passport,308940,4092,"Отд. гор. к. Снежинск, ул. Совхозная",2012-04-30
79988726898,1,Маслов Богдан Брониславович,488095425929,1119375348518,п. Тихвин,Russia,"с. Черемхово, ул. Ермака, д. 99, 915662",1996-06-11,1,1,passport,787255,9466,"Отд. гор. д. Шелагонцы, ул. Малиновая",2017-07-26
79248306090,1,Евсеева Ия Кузьминична,336528854140,8520048002110,ст. Пятигорск,Russia,"д. Железногорск(Курск.), ул. Чкалова, д. 29, 873388",1995-09-04,2,1,passport,438856,3401,"Отд. гор. д. Кисловодск, ул. Крупской",2017-10-15
79333998009,1,Громова Евфросиния Богдановна,204541191228,1839872001130,п. Кузнецк,Russia,"г. Нерчинск, ул. Звездная, д. 56, 864351",1995-12-04,2,1,passport,573888,1601,"Отд. гор. клх Верхнее Пенжино, ул. Водопроводная",2012-03-29
79280451604,1,Михеева Евпраксия Геннадьевна,415266620521,5940788218693,клх Соловки,Russia,"п. Эльбрус, ул. Войкова, д. 02, 772731",1998-04-06,2,1,passport,842634,1162,"Отд. гор. ст. Домбай, ул. Урожайная",2011-05-06
79369761741,1,Гришина Жанна Архиповна,552718230585,1485015388216,п. Амурск,Russia,"к. Архыз, ул. Тимирязева, д. 49, 146353",1990-07-21,2,100,temporary_identification,113503,,"Отд. гор. п. Ульяновск, ул. Коммунальная",2011-07-29
79237242141,2,Соколов Ладимир Ильич,6819730943,5756966198915,п. Кировск (Мурм.),Russia,"с. Кисловодск, ул. Коллективная, д. 83, 779961",,,,,,,,
79527188971,1,Шарапова Ирина Феликсовна,615985519302,9686074916419,с. Ейск,Russia,"п. Сузун, ул. Тимирязева, д. 52, 343985",1998-04-09,2,1,passport,508267,7664,"Отд. гор. д. Нягань, ул. Окружная",2009-08-02
79028865327,1,Суворов Милан Ерофеевич,322322885576,6626514029993,ст. Плес,Russia,"ст. Шуя, ул. Троицкая, д. 25, 936086",2000-08-25,1,4,military_identity_card,334743,,"Отд. гор. г. Нижневартовск, ул. Комсомольская",2016-12-13
79334032419,1,Нестеров Борис Исидорович,316263104596,3705085477868,ст. Белгород,Russia,"к. Белгород, ул. Техническая, д. 25, 742850",1998-07-14,1,1,passport,630112,9066,"Отд. гор. клх Кириши, ул. Кузнецкая",2012-12-27
79719444170,1,Сидоров Поликарп Евстигнеевич,597944697482,8244564214855,г. Далматово,Russia,"п. Белокуриха, ул. Казачья, д. 60, 235016",1991-02-22,1,1,passport,993853,6897,"Отд. гор. клх Меренга, ул. Степана Разина",2017-03-24
79606869951,1,Субботин Аполлинарий Эдуардович,886508378414,7734816155902,к. Сибай,Yemen,"п. Ершов, ул. Водопроводная, д. 30, 087921",1991-10-16,1,1,passport,289944,2653,"Отд. гор. с. Печора, ул. 70 лет Октября",2011-10-15
79966744751,1,Маслов Фока Федосьевич,243302170656,9357832209454,г. Энгельс,Russia,"д. Березники, ул. Черемушки, д. 85, 463784",2002-08-27,1,1,passport,481909,9411,"Отд. гор. к. Кириши, ул. Новая",2019-01-29
79225764186,1,Шарова Фёкла Сергеевна,861362577679,2954497713928,с. Карабулак,Russia,"к. Чикола, ул. Папанина, д. 20, 603133",2000-05-27,2,1,passport,993852,2475,"Отд. гор. г. Смоленск, ул. Проезжая",2016-06-11
79494492327,1,Богданова Антонина Геннадиевна,246213095139,8046761057510,г. Гудермес,Russia,"клх Шали, ул. Таманская, д. 54, 737449",1998-12-03,2,1,passport,374751,2627,"Отд. гор. клх Красноселькуп, ул. Морская",2010-12-06
79673995177,1,Шарапов Арефий Эдгардович,458961079999,6088267795049,ст. Аршан (Бурят.),Russia,"клх Минусинск, ул. Механическая, д. 80, 777149",1999-05-02,1,1,passport,337711,5460,"Отд. гор. клх Железногорск(Курск.), ул. Бажова",2014-05-03
79067049492,1,Костина Оксана Львовна,447438686831,6684509003737,п. Тутончаны,Russia,"к. Кедровый, ул. Гоголя, д. 11, 304222",1996-06-10,2,1,passport,860563,2436,"Отд. гор. г. Белокуриха, ул. Правды",2010-11-07
79775377257,1,Михайлова Татьяна Богдановна,355041203788,7813226993193,г. Ейск,Russia,"п. Охотск, ул. Волжская, д. 87, 560584",1989-08-31,2,1,passport,217429,9920,"Отд. гор. д. Елец, ул. Радищева",2009-10-29
79333803768,1,Данилова Вероника Тимуровна,702886433661,3866121734987,к. Армавир,Russia,"п. Назрань, ул. Отрадная, д. 27, 275713",2003-12-30,2,100,temporary_identification,469423,,"Отд. гор. ст. Кострома, ул. Петровская",2015-06-16
79759439206,1,Зиновьева Ирина Григорьевна,103023568260,2992857306812,с. Бавлы,Serbia,"п. Калязин, ул. Мичурина, д. 72, 825304",1989-04-27,2,104,foreign_passport,504460,,"Отд. гор. п. Костомукша, ул. Коммунистическая",2011-09-02
79465481518,1,Кондратьева Алина Олеговна,746103042366,4697763635133,с. Быково (метеост.),Russia,"клх Когалым, ул. Проточная, д. 53, 233251",2003-10-04,2,1,passport,711676,3477,"Отд. гор. к. Усолье Сибирское, ул. Родниковая",2011-03-13
79221812143,1,Буров Прохор Зиновьевич,217361238377,6610608301077,ст. Далматово,Russia,"с. Карачаевск, ул. Логовая, д. 60, 235139",1989-09-16,1,1,passport,345340,5130,"Отд. гор. клх Махачкала, ул. Лермонтова",2012-04-27
79452992710,1,Кондратьева Мария Олеговна,452913654157,5078583201536,с. Моршанск,Russia,"клх Кыштым, ул. Макаренко, д. 46, 722060",1989-05-30,2,1,passport,763576,6197,"Отд. гор. с. Уэлен, ул. Привокзальная",2014-09-04
79186042408,1,Гущина Варвара Яковлевна,307291339300,6207372485858,ст. Сузун,Russia,"г. Бреды, ул. О.Кошевого, д. 54, 741054",1995-07-06,0,1,passport,473527,9002,"Отд. гор. д. Домбай, ул. Маркса",2018-03-17
79466831969,1,Панов Мартын Эдгардович,972767082889,9245087071837,ст. Петропавловск-Камчатский,Russia,"к. Новосибирск, ул. Чапаева, д. 36, 895129",2001-03-29,1,1,passport,678023,3503,"Отд. гор. ст. Канск, ул. Покровская",2010-09-07
79792949880,1,Голубев Добромысл Бенедиктович,583427079958,4131450965792,г. Вытегра,Russia,"г. Мелеуз, ул. Путевая, д. 82, 665021",1993-01-13,1,1,passport,859215,1685,"Отд. гор. п. Наро-Фоминск, ул. Горняцкая",2016-05-01
79577155911,1,Некрасов Георгий Вячеславович,186531385139,1192287195248,п. Курумкан,Russia,"к. Сарапул, ул. Промышленная, д. 20, 443911",2000-05-24,1,1,passport,939808,9213,"Отд. гор. ст. Стерлитамак, ул. Весенняя",2013-01-20
79694182624,1,Федотова Екатерина Никифоровна,544340123557,7281473246746,к. Хасавюрт,Russia,"клх Ельня, ул. Профсоюзная, д. 23, 050656",1994-06-28,2,1,passport,627545,8308,"Отд. гор. клх Хатанга, ул. Ореховая",2018-02-11
79863915377,1,Мартынов Вадим Ерофеевич,800057212165,3858759542753,г. Кизилюрт,Russia,"п. Буденновск, ул. Володарского, д. 51, 408293",1997-02-11,1,1,passport,511234,5664,"Отд. гор. с. Глазов, ул. Республиканская",2013-03-26
79842514194,1,Павлова Агата Романовна,734756698122,5486943659183,к. Каменск-Шахтинский,Russia,"клх Южно-Курильск, ул. Курганная, д. 21, 585353",1996-05-09,2,1,passport,455163,4784,"Отд. гор. п. Ярославль, ул. Леваневского",2015-12-27
79867435414,1,Лукин Евлампий Ермолаевич,252785299136,1228571018353,п. Шереметьево,Russia,"д. Белогорск (Амур.), ул. Коммуны, д. 02, 114669",2004-09-22,1,1,passport,205322,7631,"Отд. гор. д. Рыльск, ул. Льва Толстого",2013-09-07
79844293381,1,Хохлова Валерия Станиславовна,625601669821,2350307821581,п. Малоярославец,Russia,"г. Серебряные Пруды, ул. Брянская, д. 27, 378508",1998-12-16,2,1,passport,756980,3036,"Отд. гор. ст. Уэлен, ул. 50 лет ВЛКСМ",2012-11-18
79891668915,1,Лихачев Фрол Данилович,437691181764,9156614393153,с. Смирных,Russia,"д. Сасово, ул. Солнечная, д. 81, 354784",1994-04-23,1,1,passport,208034,3473,"Отд. гор. п. Хоста, ул. Щетинкина",2013-12-22
79816757698,1,Орехова Лидия Федоровна,658779429836,9365922801754,д. Кежма,Russia,"п. Гудермес, ул. Энтузиастов, д. 33, 479233",1996-08-13,2,1,passport,995045,2982,"Отд. гор. клх Внуково (метеост.), ул. Транспортная",2014-02-24
79121101481,1,Зайцев Всеволод Изотович,794057380906,3071373949299,г. Добрянка,Russia,"г. Котлас, ул. Вавилова, д. 62, 964948",1989-10-29,1,1,passport,640307,5748,"Отд. гор. клх Кяхта, ул. Береговая",2017-10-01
79780789385,1,Дорофеева Алина Станиславовна,831842571951,5432538733018,клх Шатура,Russia,"ст. Хасан, ул. Речная, д. 30, 147541",1997-08-21,2,1,passport,704390,7309,"Отд. гор. с. Славянск-на-Кубани, ул. Февральская",2014-05-13
79087255813,1,Панфилов Леон Викторович,108089651270,2518702839053,с. Калач-на-Дону,Russia,"с. Сальск, ул. Тупиковая, д. 60, 109850",1994-10-21,1,1,passport,659477,1696,"Отд. гор. г. Якутск, ул. Амурская",2015-10-09
79716413820,1,Назарова Вероника Кузьминична,934486997705,4355257464502,клх Певек,Russia,"п. Россошь, ул. Дарвина, д. 59, 048555",1991-12-12,2,1,passport,727349,7580,"Отд. гор. п. Кыштым, ул. Мелиораторов",2016-06-24
79271482678,1,Сафонова Ирина Олеговна,276943453677,7373722662197,к. Салехард,Russia,"п. Кетченеры, ул. Портовая, д. 92, 248080",1992-09-20,2,1,passport,701819,4789,"Отд. гор. к. Уварово, ул. Пригородная",2009-07-19
79217331620,1,Крюков Доброслав Филатович,811719405942,2535662243036,д. Серов,Russia,"п. Ершов, ул. Геологическая, д. 86, 305421",1989-07-04,1,1,passport,917346,6388,"Отд. гор. д. Вологда, ул. Менделеева",2018-07-13
79714966336,1,Селиверстов Валерий Аверьянович,462422781919,4485269708513,"г. Москва, МГУ",Russia,"клх Серпухов, ул. Ильича, д. 58, 623051",1999-02-09,1,1,passport,944131,1437,"Отд. гор. п. Ребриха, ул. Абрикосовая",2011-03-03
79530015524,1,Титов Христофор Гавриилович,692363576778,3059899298608,п. Дивногорск,Russia,"к. Мелеуз, ул. Запорожская, д. 69, 785316",1991-04-28,0,1,passport,684987,7115,"Отд. гор. клх Нижний Тагил, ул. Специалистов",2014-06-22
79812965146,1,Максимова Анна Захаровна,482951443624,5984412265785,клх Киржач,Russia,"ст. Серафимович, ул. Мелиоративная, д. 46, 324625",1994-07-26,2,1,passport,715469,3587,"Отд. гор. г. Северодвинск, ул. Томская",2017-06-13
79556973143,1,Нестеров Мариан Тимурович,984447203201,9991696348658,д. Березники,Russia,"п. Приозерск, ул. 60 лет Октября, д. 01, 636029",1998-06-15,1,1,passport,683660,6917,"Отд. гор. к. Краснодар, ул. Детская",2009-07-09
79106372607,1,Никифоров Рюрик Демьянович,484093196519,3640507821135,с. Нурлат,Russia,"клх Махачкала, ул. Дорожников, д. 71, 025672",1998-09-17,1,1,passport,979020,3759,"Отд. гор. п. Алексин, ул. Стадионная",2017-02-26
79112953477,1,Анисимова Мария Никифоровна,279367742824,2494750943590,г. Троицк (Моск.),Russia,"г. Руза, ул. Спартака, д. 42, 999180",1993-04-19,2,1,passport,482886,3399,"Отд. гор. г. Снежногорск (Мурм.), ул. Рылеева",2014-08-20
79050627669,1,Зайцева Глафира Харитоновна,208036884905,4978064068436,с. Пинега,Russia,"г. Энгельс, ул. Воронежская, д. 24, 902975",1990-06-23,2,102,ussr_passport,422626,,"Отд. гор. ст. Ангарск, ул. М.Горького",2019-02-03
79730423382,1,Лазарев Галактион Ефимович,374020219376,4947331850371,д. Петухово,Russia,"п. Ардон, ул. Братская, д. 35, 270196",1991-05-19,1,1,passport,473754,6470,"Отд. гор. к. Кострома, ул. Лесная",2013-09-06
79451061414,1,Беляков Глеб Брониславович,441886959151,2661010997166,п. Кимры,Russia,"к. Хоста, ул. Цветочная, д. 89, 569968",1991-11-02,1,1,passport,675771,4733,"Отд. гор. д. Агинское (Забайк.), ул. Тукая",2012-03-28
79057759134,1,Беспалова София Игоревна,701049145611,3168935981824,к. Завьялиха,Russia,"д. Лесной (Сверд.), ул. Жуковского, д. 42, 765995",1997-04-09,2,1,passport,493497,1512,"Отд. гор. г. Кош-Агач, ул. Гафури",2015-02-09
79269441048,1,Смирнов Сильвестр Вячеславович,371462027313,2128527570389,г. Кондопога,Russia,"клх Сочи, ул. Жданова, д. 28, 783272",1995-10-14,1,1,passport,465630,7280,"Отд. гор. к. Талдом, ул. Разина",2016-02-03
79269048340,1,Сорокина Агафья Захаровна,297533530625,6077489261900,ст. Листвянка (Иркут.),Russia,"г. Абинск, ул. Циолковского, д. 02, 022725",1999-12-15,2,1,passport,708199,1158,"Отд. гор. д. Якутск, ул. Степная",2012-09-14
79671269995,1,Исакова Валерия Аркадьевна,608279152160,7416320526434,к. Сосьва (Хант.),Russia,"с. Томари, ул. З.Космодемьянской, д. 13, 017134",1993-08-06,2,101,permission_for_temporary_residence,288346,,"Отд. гор. д. Ребриха, ул. Союзная",2009-09-18
79982722688,1,Шарапов Ладимир Ефстафьевич,579795707958,9085169604009,к. Югорск,Russia,"г. Чита, ул. Строителей, д. 79, 132910",1998-09-10,1,1,passport,309889,2709,"Отд. гор. клх Соболево, ул. Цветочная",2017-03-29
79798173125,1,Романова Татьяна Кузьминична,900037527418,2332607766699,с. Тулун,Russia,"клх Чебоксары, ул. Красная, д. 08, 765062",1993-09-06,2,1,passport,842137,1348,"Отд. гор. п. Камышлов, ул. Космодемьянской",2012-03-12
79964068799,1,Калашников Евстафий Ярославович,445892376316,9495625031821,д. Иваново,Russia,"с. Сухиничи, ул. Портовая, д. 78, 436007",1994-04-24,1,1,passport,635345,7546,"Отд. гор. п. Юрьевец (Иван.), ул. Совхозная",2013-07-13
79919973348,1,Щербаков Рюрик Витальевич,115117013281,4800903174103,д. Уэлен,Russia,"ст. Елабуга, ул. Раздольная, д. 90, 691958",2002-08-24,1,1,passport,730576,6226,"Отд. гор. ст. Элиста, ул. 60 лет СССР",2013-06-21
79002944289,1,Дмитриева Елизавета Рубеновна,274749707443,8199731244513,д. Лодейное Поле,Russia,"г. Белогорск (Амур.), ул. Энгельса, д. 97, 028813",1994-05-29,2,1,passport,220744,3299,"Отд. гор. ст. Талдом, ул. Горная",2018-01-04
79957973291,1,Селиверстова София Борисовна,868581250741,2671898704802,п. Соль-Илецк,Russia,"д. Калининград, ул. Трудовая, д. 07, 932243",1998-07-23,2,1,passport,707231,9457,"Отд. гор. ст. Ахтубинск, ул. Розы Люксембург",2014-11-23
79573007697,1,Кононов Федот Владленович,150201968954,4522948500508,ст. Нижний Новгород,Russia,"клх Чикола, ул. Котовского, д. 48, 020871",2001-07-09,1,1,passport,919034,5460,"Отд. гор. д. Северо-Курильск, ул. Киевская",2014-02-27
79024039653,1,Лобанов Андроник Борисович,158627782621,1132163294484,к. Богучар,Russia,"ст. Далматово, ул. Курская, д. 69, 371429",1996-08-30,1,1,passport,815572,9277,"Отд. гор. к. Кетченеры, ул. Коммунаров",2011-02-03
79769730999,1,Федосеева Оксана Аркадьевна,106849965181,9993228372553,г. Балашиха,Russia,"клх Ульяновск, ул. Сахалинская, д. 99, 768233",1994-11-05,2,1,passport,246276,6274,"Отд. гор. с. Хасавюрт, ул. Смоленская",2010-12-07
79300045215,1,Петухова Екатерина Макаровна,433451680657,1253253873072,г. Андреаполь,Russia,"г. Шелехов, ул. Запрудная, д. 74, 409249",2002-04-10,2,1,passport,518518,2002,"Отд. гор. г. Чулым, ул. Запорожская",2016-01-14
79641615093,1,Алексеева Любовь Рубеновна,220958522392,9070584704663,п. Далматово,Russia,"д. Бузулук, ул. Крылова, д. 17, 142527",1998-01-01,2,1,passport,192656,1526,"Отд. гор. клх Новороссийск, ул. Титова",2017-06-28
79585067927,1,Казаков Савелий Теймуразович,878096478188,7987422765051,д. Саранск,Russia,"п. Тутончаны, ул. Добролюбова, д. 58, 032274",1994-12-14,1,1,passport,809071,6196,"Отд. гор. с. Крымск, ул. Станиславского",2010-05-16
79409884193,1,Третьяков Всемил Антонович,887814205836,1140827591048,г. Сургут (Хант.),Russia,"ст. Моршанск, ул. Первомайская, д. 13, 729976",2002-04-15,1,1,passport,629457,5988,"Отд. гор. г. Курганинск, ул. Астраханская",2018-03-05
79417230378,1,Данилова Ульяна Аскольдовна,893601838359,9137986239228,п. Кежма,Russia,"д. Саранск, ул. Трудовая, д. 84, 023888",1994-08-08,2,1,passport,616351,8158,"Отд. гор. к. Мостовской, ул. Коммуны",2014-12-08
79564220799,2,Рогов Прокофий Вячеславович,2516382099,5389611218682,д. Любань,Russia,"с. Азов (Рост.), ул. Безымянная, д. 02, 432990",,,,,,,,
79561259895,1,Егорова Анжелика Михайловна,517553301288,5233656309633,с. Эльбрус,Russia,"к. Троицк (Челяб.), ул. Есенина, д. 68, 549773",2004-02-17,2,1,passport,708484,4548,"Отд. гор. ст. Усть-Илимск, ул. Механическая",2016-08-11
79274315775,1,Селиверстова Кира Сергеевна,925871078144,5421391002626,п. Егорьевск,Russia,"ст. Кудымкар, ул. Транспортная, д. 59, 857734",1995-05-30,2,1,passport,806415,9787,"Отд. гор. п. Черняховск, ул. Революционная",2013-07-21
79795558830,1,Матвеева Евпраксия Макаровна,798438433678,7115844028397,д. Новокузнецк,Russia,"ст. Сухиничи, ул. Азина, д. 28, 966653",1994-08-10,2,1,passport,530012,3812,"Отд. гор. п. Лотошино, ул. Терешковой",2018-06-23
79709305942,1,Зайцев Демид Андреевич,561063365296,9771819620413,п. Троицко-Печорск,Russia,"г. Приозерск, ул. Дальневосточная, д. 23, 364053",2001-04-06,1,1,passport,846254,6308,"Отд. гор. д. Салехард, ул. Одесская",2017-11-04
79024164016,1,Фомин Клавдий Тарасович,216439445297,4145111326668,клх Елатьма,Russia,"г. Волхов, ул. Пограничная, д. 04, 780235",1999-06-28,1,1,passport,290071,5746,"Отд. гор. к. Кетченеры, ул. Октября",2017-05-10
79870299529,1,Хохлова Лариса Даниловна,531429299861,5202180905612,к. Чегем,Russia,"г. Владикавказ, ул. Новая, д. 39, 643522",2001-01-01,2,1,passport,243997,5325,"Отд. гор. с. Ревда (Сверд.), ул. Украинская",2012-12-04
79171458921,1,Воронов Афанасий Харитонович,476614172651,4383945093344,ст. Октябрьское (Челяб.),Russia,"ст. Белгород, ул. Бабушкина, д. 58, 797074",2004-02-03,1,1,passport,601462,5195,"Отд. гор. г. Игнашино, ул. Театральная",2015-12-17
79632355959,1,Соловьева Лариса Робертовна,528312793515,7549755740460,к. Хоста,Russia,"к. Лесной (Сверд.), ул. Жукова, д. 15, 570905",1998-07-23,2,1,passport,349626,3304,"Отд. гор. клх Калининград, ул. Колхозная",2014-09-21
79678779931,1,Гордеева Ираида Кузминична,190877202219,8699446819040,п. Кашхатау,Russia,"г. Верхотурье, ул. Мостовая, д. 28, 424757",2002-10-07,2,1,passport,155630,6088,"Отд. гор. п. Красноуральск, ул. Машиностроителей",2017-07-30
79935372737,1,Горшков Фирс Брониславович,401350838434,1005002952611,д. Рязань,Russia,"ст. Архангельск, ул. Станционная, д. 48, 806625",2005-01-30,1,1,passport,102543,7952,"Отд. гор. д. Гатчина, ул. Путейская",2013-11-15
79170999120,1,Алексеева Ия Оскаровна,813096663453,3870347905910,клх Терней,Russia,"ст. Орел, ул. Серафимовича, д. 09, 690607",1995-07-18,2,105,identity_card_refugees,544233,,"Отд. гор. к. Новороссийка, ул. Кольцова",2013-11-29
79432565246,1,Ситников Филипп Фокич,475406080043,7512835252028,ст. Цимлянск,Russia,"к. Петухово, ул. Болотная, д. 77, 816032",1995-08-25,1,1,passport,616448,5270,"Отд. гор. ст. Шахты, ул. Совхозная",2013-09-17
79589381623,1,Попова Анжелика Николаевна,208378487690,8166824601796,д. Чита,Russia,"к. Печора, ул. Вольная, д. 06, 393979",1991-03-21,2,1,passport,492943,2689,"Отд. гор. д. Екатеринбург, ул. Свободная",2013-02-28
79514795255,1,Павлова Мария Феликсовна,437674407446,4403534153944,п. Печора,Russia,"п. Шелагонцы, ул. Безымянная, д. 50, 774305",1991-04-23,2,1,passport,597144,7009,"Отд. гор. с. Нарьян-Мар, ул. Кочубея",2014-02-13
79646561036,1,Сазонова Светлана Алексеевна,647193095434,2166933272842,п. Калязин,Russia,"д. Губкин, ул. Рылеева, д. 14, 084347",1996-10-03,2,1,passport,419994,6092,"Отд. гор. к. Бирск, ул. Маяковского",2018-02-03
79186968333,1,Комиссаров Филимон Владленович,461349498596,4863355598184,к. Волоколамск,Russia,"п. Калачинск, ул. Короткая, д. 80, 187148",2002-12-30,1,1,passport,466531,1372,"Отд. гор. к. Челябинск, ул. Машиностроителей",2017-09-17
79507712952,1,Уварова Ульяна Игоревна,451892384289,2846451798921,г. Серов,Russia,"ст. Кажим, ул. Труда, д. 29, 950351",1998-08-26,2,1,passport,964012,1212,"Отд. гор. с. Верхний Уфалей, ул. Васильковая",2017-08-19
79328304084,1,Козлов Игнатий Трифонович,330418547218,3942884482166,к. Павловская,Russia,"д. Карталы, ул. Васильковая, д. 32, 875289",1994-06-13,1,3,military_id,750101,,"Отд. гор. клх Самара, ул. Просторная",2010-11-04
79186894878,1,Давыдова Маргарита Кузьминична,912053046278,4815947310011,с. Нижнеудинск,Russia,"с. Пенза, ул. 40 лет Октября, д. 26, 461790",1995-07-08,2,102,ussr_passport,209132,,"Отд. гор. ст. Троицко-Печорск, ул. Одесская",2012-11-28
79089380269,1,Осипов Герасим Артемьевич,100647173130,2218961921467,клх Суздаль,Russia,"г. Городовиковск, ул. Целинная, д. 47, 133990",1989-09-29,1,1,passport,347883,8076,"Отд. гор. г. Хоста, ул. Рыбацкая",2015-07-28
79468221220,1,Фролова Любовь Эльдаровна,934627245561,7899635598723,к. Адыгейск,Russia,"д. Сергиев Посад, ул. Сиреневая, д. 78, 594950",1998-11-18,2,1,passport,855361,3751,"Отд. гор. клх Псков, ул. Пожарского",2018-09-29
79547101388,1,Авдеев Порфирий Фёдорович,680640910026,4611979489356,г. Лесной (Сверд.),Russia,"ст. Прохладный, ул. Ивановская, д. 13, 063657",2004-04-20,1,1,passport,915027,9460,"Отд. гор. д. Усть-Кут, ул. Курганная",2019-02-01
79406185303,1,Якушев Емельян Дмитриевич,486343993255,7713918995463,клх Канск,Russia,"д. Губаха, ул. Пушкина, д. 54, 228245",1992-06-25,1,1,passport,715430,5325,"Отд. гор. г. Амурск, ул. Нагорная",2016-10-19
79899168751,1,Костин Тит Харлампович,882581197302,4038935356095,ст. Котлас,Russia,"к. Шелагонцы, ул. 8-е Марта, д. 46, 139549",1995-06-09,1,1,passport,566777,9515,"Отд. гор. п. Смоленск, ул. О.Кошевого",2013-03-21
79333496761,1,Зиновьева Олимпиада Филипповна,769338251029,8369456246482,ст. Краснотурьинск,Russia,"клх Поронайск, ул. Астраханская, д. 77, 446238",2003-09-21,2,1,passport,103722,4076,"Отд. гор. к. Череповец, ул. Театральная",2017-02-26
79044322129,1,Шилова Елизавета Артемовна,837021369823,7588867955267,с. Чикола,Russia,"ст. Казань, ул. Заовражная, д. 55, 469307",2004-12-20,2,1,passport,276370,2966,"Отд. гор. клх Бирск, ул. Геологов",2015-11-26
79071344525,1,Силина Акулина Степановна,227290097186,6018944723471,ст. Буйнакск,Russia,"клх Тымовское, ул. Морская, д. 27, 192559",2001-02-23,2,1,passport,323393,2187,"Отд. гор. к. Урус-Мартан, ул. Революции",2011-06-10
79822762005,1,Моисеев Автоном Исидорович,621534370533,7124473322431,г. Сунтар,Russia,"к. Белорецк, ул. Коммуны, д. 31, 201668",2003-07-03,1,1,passport,218481,2884,"Отд. гор. п. Якша, ул. Подстанция",2009-06-26
79478339132,1,Кондратьева Юлия Геннадиевна,448321821781,1169287051053,с. Назрань,Russia,"клх Бугуруслан, ул. Циолковского, д. 38, 046475",2002-01-17,2,1,passport,736743,1584,"Отд. гор. д. Губкин, ул. Гаражная",2018-06-28
79415565780,1,Давыдова Ксения Георгиевна,867361747457,5616197573637,клх Северодвинск,Russia,"с. Нижневартовск, ул. Ручейная, д. 65, 015427",1999-08-25,2,1,passport,850876,2066,"Отд. гор. к. Туапсе, ул. Кубанская",2014-01-23
79562133134,1,Зимина Фаина Богдановна,739913857400,5172335803518,д. Надым,Russia,"ст. Мытищи, ул. Титова, д. 38, 373835",1991-03-13,2,1,passport,533294,8433,"Отд. гор. с. Норильск, ул. Веселая",2015-10-20
79596531878,1,Орехов Азарий Артемьевич,875447467256,9018726788735,д. Яшкуль,Russia,"д. Волхов, ул. Целинная, д. 36, 577277",1989-10-31,1,1,passport,409303,3384,"Отд. гор. д. Колпашево, ул. Грибоедова",2019-02-21
79813756342,1,Дроздова Анжела Болеславовна,327142773696,6845426140055,п. Батайск,Russia,"г. Северо-Курильск, ул. Кленовая, д. 47, 304214",1997-02-24,2,1,passport,682910,8906,"Отд. гор. д. Сызрань, ул. Пионерская",2011-03-20
79002430505,1,Шаров Потап Антонович,289328240258,1776992256085,д. Ясный (Оренб.),Russia,"г. Шерегеш, ул. Светлая, д. 74, 016629",2004-08-03,1,1,passport,723726,8860,"Отд. гор. с. Ивдель, ул. Базарная",2012-01-09
79535315162,2,Богданов Лев Дмитриевич,3068141707,5340587330739,клх Воркута,Russia,"с. Сызрань, ул. Ленинградская, д. 69, 036104",,,,,,,,
79183126240,1,Рожков Авдей Давидович,437883701225,4267271753703,ст. Буденновск,Russia,"д. Байкальск, ул. Проточная, д. 53, 400424",1992-06-26,1,1,passport,643087,9339,"Отд. гор. с. Кондопога, ул. Депутатская",2010-06-28
79808339981,1,Орлов Евсей Арсеньевич,588854385538,6045882309557,ст. Троицк (Челяб.),Russia,"с. Шуя, ул. Черноморская, д. 38, 790167",1999-10-18,1,1,passport,550560,5407,"Отд. гор. г. Белоярский, ул. Культуры",2014-12-15
79912995324,1,Воробьев Ипатий Ермолаевич,361941850769,1721062886067,с. Пушкин,Russia,"ст. Обоянь, ул. Черемушки, д. 01, 419316",1998-12-09,1,101,permission_for_temporary_residence,740916,,"Отд. гор. клх Калевала, ул. Маяковского",2014-04-06
79606596842,1,Богданов Парфен Иосифович,552394535272,5897576729508,клх Находка,Russia,"клх Усть-Баргузин, ул. 60 лет СССР, д. 28, 033802",1993-10-19,1,1,passport,474594,3239,"Отд. гор. д. Сергиев Посад, ул. Советов",2014-12-16
79717225004,1,Воронов Парамон Федотович,164318682430,6783803157495,д. Тында,Russia,"к. Вендинга, ул. Серафимовича, д. 93, 074372",1991-04-24,1,1,passport,780094,2547,"Отд. гор. к. Быково (метеост.), ул. Садовая",2011-10-22
79579783608,1,Прохорова Дарья Владимировна,625472067760,6346662086142,с. Черкесск,Russia,"клх Тобольск, ул. Логовая, д. 81, 589854",2001-06-27,2,1,passport,408765,4730,"Отд. гор. г. Кинешма, ул. Черемушки",2015-10-21
79122702597,1,Исакова Елена Леоновна,300492368744,3588670142649,г. Комсомольск-на-Амуре,Russia,"д. Ельня, ул. Чехова, д. 66, 760735",1990-06-26,2,106,seaman_foreign_passport,843201,,"Отд. гор. д. Кирово-Чепецк, ул. Ермака",2015-05-19
79651847744,1,Герасимов Мартьян Демьянович,418881925852,8069143379697,п. Астрахань,Russia,"п. Междуреченский, ул. Ленинская, д. 29, 733232",1990-12-05,1,1,passport,216352,5351,"Отд. гор. д. Кузнецк, ул. Короленко",2015-07-24
79284304339,1,Тетерин Антип Дмитриевич,514889003888,4943304282607,клх Красноуральск,Russia,"г. Юрьев-Польский, ул. Большевистская, д. 57, 353554",1995-12-11,1,1,passport,553490,8470,"Отд. гор. клх Чебоксары, ул. Профсоюзная",2017-08-04
79990701431,1,Чернов Гаврила Аверьянович,245863328708,3879417265362,к. Кашира,Russia,"клх Северо-Курильск, ул. Уральская, д. 61, 160525",1995-01-14,1,1,passport,892436,1853,"Отд. гор. п. Бирск, ул. Бабушкина",2016-04-26
79236416962,1,Быков Константин Федотович,327716360294,1605782066990,клх Камышлов,Russia,"д. Соль-Илецк, ул. Красная, д. 35, 719950",1995-01-07,1,1,passport,293797,4346,"Отд. гор. клх Тотьма, ул. Крестьянская",2011-08-09
79541683114,1,Русакова Элеонора Владимировна,528868522897,1035478621342,к. Кропоткин (Краснод.),Russia,"г. Уренгой, ул. Северная, д. 21, 038050",1996-04-07,2,1,passport,602019,4745,"Отд. гор. клх Кисловодск, ул. Тракторная",2014-09-14
79883491861,1,Сергеев Софрон Бориславич,597457302785,8245394923162,клх Саранск,Russia,"с. Прохладный, ул. Краснофлотская, д. 41, 929253",1990-09-28,1,1,passport,948305,5222,"Отд. гор. п. Якша, ул. Белорусская",2014-08-05
79063633108,1,Владимирова Глафира Александровна,793410484192,4496040107283,д. Снежногорск (Мурм.),Russia,"к. Санкт-Петербург, ул. Советов, д. 51, 452611",1995-02-05,2,1,passport,511784,6709,"Отд. гор. д. Юрьев-Польский, ул. Северная",2016-06-21
79289777717,1,Жданова Октябрина Ильинична,326115266448,6031664108434,к. Железногорск(Курск.),Russia,"с. Арсеньев, ул. Березовая, д. 65, 966742",1993-03-27,2,1,passport,238946,9825,"Отд. гор. клх Череповец, ул. Щорса",2019-03-15
79154997993,1,Исакова Лариса Васильевна,849483938549,8672282056798,ст. Качканар,Russia,"п. Кунгур, ул. Шишкина, д. 19, 615372",2002-07-17,2,103,seaman_passport,829230,,"Отд. гор. клх Заводоуковск, ул. 8-е Марта",2017-05-28
79483775660,1,Рогова Анжелика Тарасовна,509746693278,6271453284775,д. Оленегорск (Якут.),Russia,"ст. Кош-Агач, ул. Широкая, д. 86, 376140",2001-03-22,2,3,military_id,816157,,"Отд. гор. клх Адыгейск, ул. Иркутская",2011-07-02
79502046239,1,Евдокимов Олег Герасимович,892331255717,4393523973357,к. Кудымкар,Russia,"к. Ханты-Мансийск, ул. Брянская, д. 94, 802927",2002-07-21,1,1,passport,298001,4411,"Отд. гор. д. Тимашевск, ул. Таманская",2010-04-20
79458441746,1,Алексеева Людмила Робертовна,131068673229,8378432210223,п. Кемерово,Russia,"клх Далматово, ул. Октябрьская, д. 29, 372225",1991-01-16,2,1,passport,918373,1357,"Отд. гор. клх Кингисепп, ул. Целинная",2017-09-20
79862716389,1,Журавлева Маргарита Вячеславовна,832742321720,6041034111174,г. Стрежевой,Russia,"с. Губкин, ул. Сосновая, д. 79, 844032",2003-11-16,2,104,foreign_passport,866925,,"Отд. гор. с. Малоярославец, ул. Тепличная",2011-01-20
79564852327,1,Смирнова Нинель Наумовна,201928405460,4353760229129,клх Ведено,Russia,"ст. Ведено, ул. Ленина, д. 48, 743056",1990-07-04,2,1,passport,426189,7581,"Отд. гор. к. Певек, ул. Ленинская",2014-08-13
79460275748,1,Мясников Владимир Андреевич,360134837015,9940539616672,д. Соликамск,Russia,"ст. Ступино, ул. Деповская, д. 20, 132410",1999-01-07,1,1,passport,933032,1414,"Отд. гор. д. Шилка, ул. Мелиораторов",2012-04-14
79701401487,1,Сергеев Мартын Иосипович,325088035563,2580592892419,клх Дивногорск,Russia,"д. Южно-Сахалинск, ул. Азовская, д. 33, 163683",1993-05-08,1,1,passport,648993,2361,"Отд. гор. д. Баксан, ул. Придорожная",2014-10-04
79314668036,1,Лыткин Рюрик Бенедиктович,122827144470,3936050122932,д. Великий Устюг,Russia,"п. Касимов, ул. Прудная, д. 24, 220261",1999-05-10,1,1,passport,405159,8977,"Отд. гор. д. Павловская, ул. Вавилова",2016-01-16
79023277301,1,Сорокина Таисия Евгеньевна,715302360964,5649496759294,с. Екатеринбург,Russia,"ст. Дубна, ул. Кольцевая, д. 59, 130158",1995-10-12,2,1,passport,872291,1132,"Отд. гор. клх Петропавловск-Камчатский, ул. Куйбышева",2015-12-24
79506012163,2,Воробьев Остромир Игнатьевич,1841971053,5814986500489,д. Урай,Russia,"д. Нефтегорск (Самар.), ул. Блюхера, д. 41, 043513",,,,,,,,
79586310447,1,Панов Аверьян Гаврилович,955831863014,7093090974822,клх Гусь-Хрустальный,Russia,"с. Ессентуки, ул. Республиканская, д. 60, 880085",1998-03-21,1,1,passport,656231,7430,"Отд. гор. п. Дагомыс, ул. Ильича",2018-09-12
79760350485,1,Давыдов Фрол Григорьевич,512873394927,1160899713872,д. Цимлянск,Russia,"г. Холмск, ул. Орджоникидзе, д. 90, 942165",2000-03-26,1,100,temporary_identification,986852,,"Отд. гор. п. Малгобек, ул. Новая",2009-10-15
79712304026,1,Лаврентьев Вацлав Трифонович,891891672980,5748143077541,с. Луга,Russia,"с. Москва, МГУ, ул. Семашко, д. 50, 164467",1991-03-31,1,1,passport,201473,2209,"Отд. гор. п. Инта, ул. Комарова",2018-06-07
79603248030,1,Князева Раиса Степановна,806413305758,3957733923398,клх Яшалта,Russia,"п. Кулу, ул. Поселковая, д. 41, 158165",1995-12-01,2,107,consideration_certificate_refugees,546436,,"Отд. гор. к. Гудермес, ул. Брянская",2010-05-18
79142783011,1,Третьякова Элеонора Руслановна,150909217316,8312645013902,д. Кизляр,Russia,"п. Камышлов, ул. Привокзальная, д. 95, 207560",1993-05-13,2,1,passport,952273,9355,"Отд. гор. клх Ухта, ул. Республиканская",2014-09-13
79093872350,1,Копылова Нинель Игоревна,726442602334,7400627900245,д. Магадан,Russia,"г. Ульяновск, ул. Коминтерна, д. 41, 270879",2002-11-28,2,1,passport,609497,3492,"Отд. гор. ст. Шатки, ул. Спортивная",2013-04-30
79809304398,1,Морозова Прасковья Владимировна,770444705122,3890058950779,к. Дзержинск,Russia,"клх Чермоз, ул. Пограничная, д. 11, 836328",1994-11-08,2,1,passport,736402,5480,"Отд. гор. ст. Братск, ул. Кузнецова",2010-02-06
79217228772,1,Полякова Варвара Никифоровна,605740343903,3318063810852,с. Бронницы,Russia,"с. Черемхово, ул. Куйбышева, д. 63, 745399",1996-01-20,2,1,passport,111499,8427,"Отд. гор. ст. Миллерово, ул. Крылова",2015-03-20
79218376020,1,Денисов Изот Демьянович,236627364726,7740566032635,с. Брянск,Russia,"клх Ясный (Оренб.), ул. Угловая, д. 78, 998971",2000-10-09,1,1,passport,707654,2476,"Отд. гор. д. Домодедово, ул. Курская",2012-05-28
79472738672,1,Савина Татьяна Эльдаровна,946637996705,2946215029437,д. Певек,Russia,"к. Белоярский, ул. Степная, д. 86, 029417",1995-02-12,2,106,seaman_foreign_passport,239995,,"Отд. гор. г. Яхрома, ул. Заречная",2018-07-17
79475858452,1,Баранов Игнатий Адрианович,474676427704,9565103671901,клх Кировск (Мурм.),Russia,"д. Березники, ул. Короткая, д. 21, 681499",1999-06-20,1,1,passport,781841,9402,"Отд. гор. к. Терскол, ул. Механизаторов",2009-12-05
79605173456,1,Макаров Анисим Бенедиктович,241605055240,9283363503849,ст. Вилюйск,Russia,"д. Шали, ул. Леонова, д. 25, 956564",2004-12-25,1,1,passport,334969,7394,"Отд. гор. с. Североуральск, ул. 9 Января",2017-12-22
79902838296,1,Васильев Кирилл Федосьевич,212978152683,5051060014697,ст. Рубцовск,Russia,"с. Апатиты, ул. Полтавская, д. 48, 661410",1997-07-25,1,103,seaman_passport,121594,,"Отд. гор. к. Ачхой Мартан, ул. Краснознаменная",2017-07-06
79991889096,1,Юдин Аггей Богданович,937097825390,5003567669193,п. Тотьма,Russia,"с. Усть-Калманка, ул. Радищева, д. 27, 733511",2003-01-17,1,1,passport,111174,1020,"Отд. гор. д. Соболево, ул. Кузнецкая",2009-09-23
79096105508,1,Шарапова Анна Феликсовна,992261515418,2625002913108,к. Орехово-Зуево,Russia,"к. Хасан, ул. Морская, д. 48, 600766",2002-08-26,2,106,seaman_foreign_passport,259314,,"Отд. гор. клх Октябрьский (Башк.), ул. Белорусская",2009-07-30
79776931820,1,Титов Прокл Аверьянович,440942996542,3053646782910,с. Череповец,Russia,"д. Эльбрус, ул. 50 лет ВЛКСМ, д. 56, 356953",1997-11-10,1,1,passport,307872,9951,"Отд. гор. д. Усмань, ул. Дружбы",2012-10-18
79962926568,1,Субботина Феврония Константиновна,851394807985,2614721896120,клх Магас,Russia,"к. Томск, ул. Труда, д. 03, 345411",2002-04-12,2,1,passport,421578,7184,"Отд. гор. ст. Каргополь, ул. Флотская",2013-09-18
79048166267,1,Вишняков Владлен Ерофеевич,580005636673,9942592878170,к. Шереметьево,Russia,"к. Меренга, ул. Пионерская, д. 04, 126993",1991-11-14,1,101,permission_for_temporary_residence,846667,,"Отд. гор. п. Пушкин, ул. Майская",2017-09-09
79098363779,1,Сорокин Спартак Брониславович,347522223416,4791271896959,клх Ухта,Russia,"п. Серафимович, ул. Подгорная, д. 80, 051089",2002-09-10,1,1,passport,964462,9636,"Отд. гор. ст. Осташков, ул. Пархоменко",2015-12-22
79854175306,1,Шестаков Лонгин Дорофеевич,304498680616,6800801632778,с. Химки,Russia,"г. Шаховская, ул. Раздольная, д. 58, 230751",1997-02-01,1,1,passport,704491,1462,"Отд. гор. с. Петушки, ул. Докучаева",2012-06-01
79876500197,1,Ларионова Октябрина Семеновна,466087836046,6176280889245,д. Стрежевой,Russia,"д. Борзя, ул. Черняховского, д. 47, 993615",1996-12-26,2,1,passport,764567,6377,"Отд. гор. клх Архангельск, ул. Республиканская",2014-02-08
79263807180,1,Мухина Евпраксия Ефимовна,234611087862,3826921145005,ст. Алагир,Russia,"с. Сунтар, ул. Осенняя, д. 95, 486006",2000-06-04,2,1,passport,961772,7575,"Отд. гор. д. Миасс, ул. Ягодная",2016-01-19
79585161193,1,Ковалев Ананий Тарасович,206014165255,9030435913377,с. Верхотурье,Russia,"с. Санкт-Петербург, ул. Маркса, д. 84, 211173",1999-11-17,1,1,passport,618476,3623,"Отд. гор. п. Торжок, ул. Средняя",2017-05-11
79803607926,1,Турова Фаина Ильинична,846627991678,5014363706437,г. Нефтеюганск,Russia,"г. Белокуриха, ул. Волгоградская, д. 10, 483321",1997-03-15,2,1,passport,994720,8931,"Отд. гор. ст. Дудинка, ул. 60 лет СССР",2018-05-09
79837307445,1,Яковлев Феоктист Марсович,422995296445,3294978918603,клх Новая Игирма,Russia,"п. Ардон, ул. Транспортная, д. 69, 444370",2000-11-24,1,1,passport,490033,5861,"Отд. гор. клх Слюдянка, ул. Космонавтов",2013-10-11
79125956327,1,Блинов Давыд Валерианович,486321056162,4779395966381,д. Ельня,Russia,"ст. Александровск, ул. Лазурная, д. 99, 487085",1998-05-12,1,1,passport,334622,3207,"Отд. гор. к. Ковров, ул. Монтажников",2017-05-09
79395752621,1,Родионова Пелагея Сергеевна,539901947859,9744478356272,клх Усть-Камчатск,Russia,"г. Вологда, ул. Красноярская, д. 55, 543244",1996-10-31,2,8,residence,855919,,"Отд. гор. д. Оха, ул. О.Кошевого",2013-02-06
79418867955,1,Журавлева Милица Максимовна,790916679995,7674271627174,г. Медногорск,Russia,"ст. Заводоуковск, ул. Машиностроителей, д. 23, 496123",1999-12-09,2,1,passport,702041,4158,"Отд. гор. ст. Калининград, ул. Тепличная",2014-06-25
79831728497,1,Ершова Мария Ефимовна,828955999707,2557382358981,д. Сочи,Russia,"к. Диксон, ул. Приозерная, д. 41, 146690",1996-07-22,2,1,passport,993603,9082,"Отд. гор. ст. Уссурийск, ул. Гаражная",2016-06-21
79266266328,1,Константинов Лучезар Арсеньевич,964719421458,7678030747904,с. Аршан (Бурят.),Russia,"ст. Рыбинск, ул. Озерная, д. 71, 780469",2004-11-09,1,1,passport,298112,8263,"Отд. гор. ст. Холмогоры, ул. Маркса Карла",2011-10-12
79961446351,1,Медведева Елизавета Кузминична,337317364978,8951793612495,клх Пышма,Russia,"г. Калининград, ул. Российская, д. 58, 284122",2002-11-11,2,1,passport,598044,6040,"Отд. гор. д. Канск, ул. Пушкина",2012-06-16
79189353878,1,Киселева Агата Алексеевна,961123369497,1755998788368,клх Урюпинск,Russia,"к. Нязепетровск, ул. Тенистая, д. 85, 000270",2003-08-21,2,1,passport,901629,1995,"Отд. гор. к. Новороссийск, ул. Молодежная",2015-07-27
79915857840,1,Горшков Афанасий Борисович,792327208012,5162028772849,клх Кажим,Russia,"ст. Карачаевск, ул. Красина, д. 90, 055768",1990-10-28,1,101,permission_for_temporary_residence,640653,,"Отд. гор. клх Кетченеры, ул. Харьковская",2018-06-12
79616373799,1,Волкова Клавдия Захаровна,658322972829,2428833545817,д. Ардон,Russia,"д. Нягань, ул. Томская, д. 76, 116348",1994-10-18,2,1,passport,239041,2904,"Отд. гор. ст. Красноярск, ул. 60 лет СССР",2018-04-12
79834996677,1,Устинова Анна Антоновна,879337218521,7237049789405,с. Катав-Ивановск,Russia,"клх Астрахань, ул. Карьерная, д. 65, 259729",2004-08-24,2,1,passport,120892,6778,"Отд. гор. клх Кемерово, ул. Приозерная",2012-05-19
79445570526,2,Гуляев Устин Фокич,6714774533,9338008776835,к. Тамбей,Russia,"клх Всеволожск, ул. Заводская, д. 55, 630186",,,,,,,,
79111823794,1,Зиновьев Ипат Архипович,607087070465,2924925495263,ст. Россошь,Russia,"г. Сасово, ул. Рылеева, д. 97, 650756",1992-09-22,1,1,passport,877583,3678,"Отд. гор. клх Березники, ул. Попова",2016-11-24
79196480205,1,Новиков Мартьян Филатович,477258190977,2836992014444,клх Забайкальск,Russia,"клх Волгодонск, ул. Гончарова, д. 70, 094995",2004-09-16,1,1,passport,922718,7206,"Отд. гор. п. Уэлен, ул. Западная",2015-07-11
79271698098,1,Васильева София Романовна,486530483367,5742545209597,к. Курильск,Russia,"клх Апрелевка, ул. Ленинская, д. 38, 218958",1999-02-20,2,1,passport,945816,7112,"Отд. гор. к. Муравленко, ул. Дружба",2014-01-31
79813591504,1,Кудрявцев Фирс Федотович,893448385314,3024844823181,с. Орск,Russia,"ст. Губаха, ул. Полевая, д. 67, 765202",1998-08-30,1,1,passport,106971,7911,"Отд. гор. с. Нарым, ул. Щербакова",2018-07-07
79915354730,1,Казаков Мирослав Бориславович,989323981689,7032922309713,с. Владимир,Russia,"клх Александров, ул. Родниковая, д. 62, 010059",2004-02-11,1,1,passport,178080,8653,"Отд. гор. с. Ржев, ул. Луначарского",2011-05-22
79494082063,1,Зиновьев Виталий Демьянович,470006508810,6227056623440,г. Уфа,Russia,"д. Белореченск, ул. Курчатова, д. 92, 642270",2000-04-04,1,1,passport,167803,4246,"Отд. гор. с. Новый Оскол, ул. Металлургов",2016-02-15
79340779905,1,Русаков Ефрем Вячеславович,152570978517,5326873321216,г. Красноселькуп,Russia,"п. Сеймчан, ул. Свободы, д. 31, 744016",1999-04-19,1,1,passport,992174,1404,"Отд. гор. к. Куртамыш, ул. Подстанция",2012-01-13
79594119024,1,Шилова Надежда Романовна,914897596823,1423898366482,д. Обоянь,Russia,"п. Оса, ул. Монтажников, д. 96, 369392",2002-06-18,2,1,passport,303287,1116,"Отд. гор. к. Октябрьское (Хант.), ул. Советов",2017-06-02
79336791027,1,Гаврилова Ираида Георгиевна,840915870340,5424696690088,к. Кызыл,Russia,"г. Красногорск (Моск.), ул. Сурикова, д. 70, 243056",1995-11-14,2,1,passport,727193,6923,"Отд. гор. д. Бирск, ул. Гастелло",2016-08-10
79111326475,1,Гурьева Нинель Степановна,721610604200,2653982899275,д. Кировск (Мурм.),Russia,"г. Нефедова, ул. Морская, д. 24, 061935",1992-04-21,2,1,passport,281060,1784,"Отд. гор. д. Тутончаны, ул. Павлика Морозова",2017-04-29
79175471141,1,Рябова Пелагея Руслановна,191125715367,6101619299582,к. Уэлен,Russia,"клх Гаврилов-Ям, ул. Зои Космодемьянской, д. 02, 809704",1997-12-23,2,1,passport,259844,5680,"Отд. гор. д. Куртамыш, ул. Репина",2011-05-11
79019905101,1,Белозеров Ипатий Феликсович,449028834437,8409035317126,с. Мурманск,Russia,"г. Томпа, ул. 30 лет Победы, д. 75, 970618",1995-11-05,1,1,passport,975034,8611,"Отд. гор. ст. Серебряные Пруды, ул. Тракторная",2015-05-03
79642578539,1,Калинин Сергей Ярославович,135341184350,8716585474154,п. Златоуст,Russia,"к. Махачкала, ул. Королева, д. 21, 582128",2002-04-29,1,1,passport,289342,6646,"Отд. гор. с. Псебай, ул. Таманская",2013-06-03
79639198036,1,Федотова Ульяна Степановна,709339330095,3701971465091,г. Шуя,Russia,"п. Ачинск, ул. Республиканская, д. 57, 861324",2003-07-11,2,1,passport,508499,5642,"Отд. гор. г. Шахты, ул. Терешковой",2017-01-03
79000434092,1,Воронцова Прасковья Вячеславовна,617009193478,7994166618006,клх Туруханск,Russia,"к. Каменск-Уральский, ул. Владимирская, д. 32, 482209",2003-12-20,2,1,passport,786250,1854,"Отд. гор. к. Кирово-Чепецк, ул. Больничная",2014-04-05
79500903433,1,Фролова Александра Валентиновна,481437613959,5323687556196,с. Воронеж,Russia,"г. Талдом, ул. Зеленая, д. 77, 747184",1999-11-25,2,1,passport,956241,6403,"Отд. гор. с. Тобольск, ул. Васильковая",2017-06-01
79413304152,1,Крылова Тамара Рудольфовна,281546956882,9572871837611,г. Качканар,Russia,"с. Сосьва (Хант.), ул. Станиславского, д. 27, 575573",1996-01-29,2,1,passport,912468,1462,"Отд. гор. ст. Байкальск, ул. Курортная",2016-08-12
79607135483,1,Новикова Евфросиния Никифоровна,710933482949,4232920523788,с. Серпухов,Russia,"к. Новокузнецк, ул. Энгельса, д. 94, 532210",1993-09-03,2,102,ussr_passport,735541,,"Отд. гор. ст. Каргасок, ул. Таманская",2016-12-06
79291690898,1,Носкова Галина Натановна,622887049954,4322873428294,д. Карачаевск,Russia,"д. Истра, ул. Октября, д. 69, 923502",1991-04-13,2,1,passport,547214,7776,"Отд. гор. г. Морозовск, ул. Водопроводная",2011-11-18
79384138711,1,Беспалов Владислав Фролович,339200664527,1662306554886,клх Белорецк,Russia,"г. Уэлен, ул. Никитина, д. 63, 785551",1992-02-03,1,1,passport,685631,1622,"Отд. гор. д. Ейск, ул. Автомобилистов",2013-12-03
79731354433,1,Мартынова Акулина Александровна,381885043206,1669618037117,ст. Тымовское,Russia,"клх Светлогорск (Калин.), ул. Герцена, д. 43, 629803",1991-02-16,2,1,passport,820499,5397,"Отд. гор. п. Пушкин, ул. Стадионная",2018-11-27
79534909880,1,Фокин Аверьян Августович,893524312405,7458744615665,с. Елабуга,Russia,"г. Барнаул, ул. Просвещения, д. 13, 997602",1989-06-15,1,1,passport,943779,5710,"Отд. гор. клх Тотьма, ул. Ульяновская",2015-09-04
79375208288,2,Моисеева Агафья Артемовна,8804349484,1512758865629,п. Костомукша,Russia,"клх Курумкан, ул. Стадионная, д. 04, 099990",,,,,,,,
79844771232,1,Носкова Светлана Семеновна,878717387782,4597611114820,д. Уссурийск,Russia,"г. Краснокамск, ул. Угольная, д. 60, 046330",1999-12-31,2,1,passport,787813,3842,"Отд. гор. к. Игнашино, ул. Юбилейная",2019-02-28
79982603585,1,Абрамов Артем Гурьевич,233879196985,9926107604820,к. Анадырь,Russia,"к. Бугульма, ул. Свободы, д. 86, 807178",2002-10-23,1,1,passport,994255,6439,"Отд. гор. с. Печенга, ул. Вахитова",2010-02-24
79420187503,1,Самойлова Оксана Антоновна,403630625036,8541634415870,д. Шереметьево,Russia,"ст. Сыктывкар, ул. Пушкинская, д. 55, 804901",1994-06-23,2,1,passport,381972,4768,"Отд. гор. к. Яр-Сале, ул. Крестьянская",2015-12-21
79257159240,1,Наумов Болеслав Елисеевич,834212164979,4203193299934,с. Магас,Russia,"к. Светлогорск (Калин.), ул. Есенина, д. 57, 707199",1999-01-02,1,1,passport,826417,2624,"Отд. гор. г. Тымовское, ул. Восточная",2016-02-09
79926071528,1,Кабанова Олимпиада Валентиновна,371454728246,8897740314589,с. Тобольск,Russia,"ст. Тольятти, ул. 8 Марта, д. 60, 501061",1993-11-02,2,1,passport,682556,2894,"Отд. гор. ст. Ступино, ул. Прохладная",2015-03-16
79187722209,1,Романов Иосиф Данилович,536536592751,7959609002411,г. Теберда,Russia,"г. Качканар, ул. Ильича, д. 61, 642449",1999-12-13,1,1,passport,276811,1224,"Отд. гор. ст. Невьянск, ул. Песчаная",2011-08-23
79299961970,1,Артемьева Лидия Натановна,656668474644,5924743839922,к. Бузулук,Russia,"клх Губкинский, ул. Дзержинского, д. 40, 455092",1989-07-25,2,1,passport,107032,3415,"Отд. гор. д. Шатки, ул. Высоковольтная",2014-09-30
79298919107,1,Гаврилова Василиса Эдуардовна,838567122468,4252864553951,ст. Усть-Баргузин,Russia,"д. Миасс, ул. Космодемьянской, д. 90, 449311",1989-09-03,2,1,passport,676521,9122,"Отд. гор. д. Биробиджан, ул. Мусы Джалиля",2010-10-23
79653415839,1,Жукова Нонна Николаевна,457165438103,4807129099225,ст. Иркутск,Russia,"с. Краснотурьинск, ул. Лесхозная, д. 10, 630979",2000-02-28,2,1,passport,680835,3845,"Отд. гор. ст. Южноуральск, ул. Рыбацкая",2012-02-10
79318615459,1,Лихачева Лора Аркадьевна,568964402192,8857979585014,ст. Крымск,Russia,"клх Обоянь, ул. 70 лет Октября, д. 14, 817319",2000-06-11,2,1,passport,789986,7584,"Отд. гор. п. Александров Гай, ул. Механизаторов",2012-01-05
79797075263,1,Агафонова Антонина Болеславовна,812199577391,9616131313852,г. Троицк (Моск.),Russia,"клх Новгород Великий, ул. Моховая, д. 35, 525799",1992-05-20,2,4,military_identity_card,313852,,"Отд. гор. к. Тамбей, ул. Дзержинского",2017-01-08
79941855931,1,Горбачев Михей Марсович,145216062257,6057525386806,д. Батайск,Russia,"д. Миллерово, ул. Смоленская, д. 01, 032348",1999-03-06,1,1,passport,658454,1625,"Отд. гор. клх Россошь, ул. Кирова",2017-06-24
79455534974,1,Ермаков Аристарх Владленович,988050037213,3466233741245,д. Магадан,Russia,"с. Уссурийск, ул. Комсомольская, д. 38, 894528",1998-11-22,1,1,passport,329235,7519,"Отд. гор. д. Южно-Курильск, ул. Сахалинская",2015-12-06
79583493046,1,Никифорова Лидия Вячеславовна,168779589975,7503059490107,к. Новый Оскол,Russia,"ст. Калевала, ул. Чехова, д. 46, 436876",1994-09-04,2,1,passport,943921,2454,"Отд. гор. г. Любань, ул. Хуторская",2010-04-03
79953810010,1,Чернова Раиса Никифоровна,429222897689,8975812033067,с. Усмань,Russia,"п. Североморск, ул. Инженерная, д. 33, 776920",1991-12-04,2,1,passport,952184,6883,"Отд. гор. ст. Геленджик, ул. Ангарская",2016-02-16
79520021569,1,Воронцова Антонина Евгеньевна,971847455158,7607116893237,клх Юрьев-Польский,Russia,"д. Воркута, ул. Сиреневая, д. 44, 640745",1995-11-14,2,1,passport,879943,6190,"Отд. гор. клх Ялуторовск, ул. Приморская",2015-12-03
79989129859,1,Кошелев Панфил Александрович,645284868348,9454974716946,д. Колпашево,Russia,"п. Котлас, ул. Советская, д. 40, 027010",1999-01-29,1,1,passport,539523,4996,"Отд. гор. д. Ульяновск, ул. Космонавтов",2014-09-21
79342546941,1,Третьяков Болеслав Матвеевич,889625352285,5290166731130,г. Ставрополь,Russia,"д. Кулунда, ул. Автомобилистов, д. 89, 506273",2004-07-20,1,1,passport,502027,6201,"Отд. гор. д. Ставрополь, ул. Иванова",2014-03-06
79974015834,1,Самсонова Надежда Мироновна,648212102424,3106266964396,с. Краснодар,Russia,"с. Хабаровск, ул. Кирова, д. 63, 058484",2000-06-03,2,1,passport,227646,4435,"Отд. гор. с. Оха, ул. Луначарского",2015-11-09
79578260090,1,Юдина Лукия Ниловна,653151278581,7485429593994,клх Нижнекамск,Russia,"к. Игнашино, ул. Моховая, д. 63, 425396",2000-05-11,2,1,passport,113373,1406,"Отд. гор. д. Черкесск, ул. Автомобилистов",2014-01-12
79214262773,1,Тимофеева Ангелина Юльевна,523192873806,8714118337990,ст. Миллерово,Russia,"г. Баргузин, ул. Чехова, д. 30, 854567",1991-06-30,2,1,passport,539746,2274,"Отд. гор. к. Анадырь, ул. Партизанская",2014-09-05
79439690763,1,Жданов Сергей Бориславич,656124105800,7846951608936,ст. Оймякон,Russia,"ст. Мезень, ул. Парковая, д. 33, 936756",1994-09-23,1,1,passport,201494,5404,"Отд. гор. г. Курган, ул. Саратовская",2019-01-02
79010616154,1,Кузьмин Фома Иосифович,716161588244,3853495671438,с. Домодедово,Russia,"клх Зарайск, ул. Дальневосточная, д. 50, 778078",1997-07-29,1,1,passport,591815,2076,"Отд. гор. клх Анива, ул. Партизанская",2011-08-22
79537883068,1,Рябова Дарья Ждановна,317154334856,4049919795311,п. Сеймчан,Russia,"с. Нижний Новгород, ул. Волгоградская, д. 32, 699769",1992-04-17,2,1,passport,470876,7514,"Отд. гор. г. Ахтубинск, ул. Геологическая",2014-12-21
79520728650,1,Воронцов Бажен Харлампович,825332116962,7303946704931,клх Усть-Камчатск,Russia,"д. Хоста, ул. Южная, д. 79, 718382",2000-07-31,1,1,passport,341814,7125,"Отд. гор. к. Ярославль, ул. Сельская",2015-01-26
79427398595,1,Авдеев Елисей Федосьевич,941733646455,7903109315463,с. Камень-на-Оби,Russia,"с. Гудермес, ул. Коммунальная, д. 43, 743199",1992-06-10,1,1,passport,557526,3810,"Отд. гор. клх Назрань, ул. Свободная",2016-11-14
79580003657,1,Дементьев Трофим Игнатьевич,622048157484,8921453701891,г. Черусти,Russia,"ст. Сарапул, ул. Спортивная, д. 30, 834063",1995-07-12,1,1,passport,997494,3337,"Отд. гор. г. Смоленск, ул. Снежная",2014-09-17
79465391211,1,Капустина Глафира Кузминична,798961747734,5615854895217,д. Быково (метеост.),Russia,"д. Бирск, ул. Лазурная, д. 62, 743199",1997-10-02,2,1,passport,244729,8394,"Отд. гор. с. Морозовск, ул. Халтурина",2018-08-10
79077157888,1,Калашников Евдоким Виленович,701222471517,8937440861594,ст. Назрань,Russia,"с. Балтийск, ул. Менделеева, д. 53, 787578",2004-11-22,1,1,passport,355089,4921,"Отд. гор. клх Карабудахкент, ул. Интернациональная",2011-04-01
79143033908,1,Павлова Вера Ефимовна,863446313691,9943907754147,п. Петушки,Russia,"ст. Нарьян-Мар, ул. Малая, д. 98, 237697",1994-03-08,2,1,passport,557329,3438,"Отд. гор. к. Наро-Фоминск, ул. Шмидта",2010-02-16
79817457281,1,Филиппов Спартак Александрович,470041727399,9811823075860,г. Бузулук,Russia,"с. Баксан, ул. Рыбацкая, д. 82, 920423",1997-10-22,1,1,passport,747121,6738,"Отд. гор. к. Новгород Великий, ул. Нижняя",2015-12-03
79599331929,1,Денисова Пелагея Болеславовна,373575159592,1985997456107,клх Великий Устюг,Russia,"п. Кинешма, ул. Лермонтова, д. 84, 018406",1998-05-13,2,1,passport,784503,1308,"Отд. гор. п. Вязьма, ул. Тукая",2017-07-30
79692448333,1,Пахомов Орест Игоревич,239972668752,7374632156800,г. Амурск,Russia,"ст. Диксон, ул. Партизанская, д. 27, 855137",1992-12-20,1,1,passport,961510,7317,"Отд. гор. п. Лесной (Сверд.), ул. Новая",2016-12-17
79752182947,1,Ильина Тамара Анатольевна,337870163817,5246220491674,г. Фатеж,Russia,"ст. Прохладный, ул. Седова, д. 17, 401759",2001-10-03,2,1,passport,428930,1878,"Отд. гор. клх Серафимович, ул. Есенина",2017-01-27
79401569813,1,Лапин Соломон Власович,485894747562,2263679476297,к. Каргасок,Russia,"к. Пушкинские Горы, ул. Краснофлотская, д. 52, 988858",2005-01-11,1,1,passport,424222,2576,"Отд. гор. ст. Петрозаводск, ул. Нефтяников",2017-02-14
79010111892,1,Пономарев Нестор Даниилович,581516817350,7755131286015,д. Верхнее Пенжино,Russia,"ст. Новомосковск, ул. Лазо, д. 24, 889074",1994-02-03,1,105,identity_card_refugees,214248,,"Отд. гор. с. Гремячинск (Перм.), ул. Тамбовская",2016-04-28
79431592407,1,Шашкова Таисия Петровна,125623347334,9916748389874,к. Обнинск,Russia,"г. Ирбит, ул. Ветеранов, д. 13, 856623",1992-12-14,2,1,passport,136164,3503,"Отд. гор. п. Пышма, ул. Невского",2015-05-15
79455033556,1,Дорофеев Тихон Антипович,184154329604,5592314785060,г. Бавлы,Russia,"клх Уссурийск, ул. Учительская, д. 28, 878216",2002-12-14,1,1,passport,910423,1775,"Отд. гор. п. Александров, ул. Воровского",2016-05-26
79511241387,2,Горшков Егор Иосифович,6260008661,6942077987413,д. Джубга,Russia,"д. Смоленск, ул. Кубанская, д. 91, 032521",,,,,,,,
79603214628,1,Котов Терентий Адрианович,111597735505,3967150673687,д. Енисейск,Russia,"с. Александров Гай, ул. Толбухина, д. 22, 875155",1999-11-26,1,1,passport,839391,2354,"Отд. гор. г. Анива, ул. Дружба",2010-12-15
79446906985,1,Капустина Тамара Святославовна,955874513706,9982306186190,клх Черкесск,Russia,"г. Карабулак, ул. Свободная, д. 14, 932072",1998-04-08,2,1,passport,619064,3530,"Отд. гор. клх Тихвин, ул. Крылова",2010-11-07
79579158023,1,Тарасов Сила Феликсович,456068481443,6165701257931,п. Челябинск,Russia,"ст. Яшалта, ул. Водопроводная, д. 49, 023052",1999-03-18,1,1,passport,671135,7003,"Отд. гор. к. Ростов, ул. Макаренко",2010-04-18
79270266548,1,Ильина Ия Дмитриевна,470877984146,9894167913195,клх Новороссийск,Russia,"с. Асбест, ул. Радищева, д. 18, 922981",1993-12-02,2,1,passport,114982,5116,"Отд. гор. п. Батайск, ул. Кочубея",2017-04-22
79133689271,1,Осипова Феврония Вячеславовна,530954585931,2615397434754,к. Набережные Челны,Russia,"д. Ведено, ул. Курская, д. 62, 450557",1996-01-13,2,1,passport,480777,4374,"Отд. гор. г. Ачхой Мартан, ул. Большевистская",2010-10-05
79557675946,1,Пестов Ульян Артемьевич,356958542744,3118376197458,клх Нижнекамск,Russia,"клх Котлас, ул. Томская, д. 40, 894650",1993-01-17,1,104,foreign_passport,884456,,"Отд. гор. с. Краснокамск, ул. Народная",2016-12-27
79699853012,1,Пономарева Фёкла Вячеславовна,124638878022,4622808759017,г. Луга,Russia,"ст. Колпашево, ул. Тенистая, д. 82, 551857",2004-01-28,2,1,passport,588479,4354,"Отд. гор. к. Хоста, ул. Зои Космодемьянской",2009-10-27
79870984998,1,Архипова Галина Яковлевна,433406311008,1611965386911,г. Благовещенск (Амур.),Russia,"с. Усть-Ишим, ул. Средняя, д. 95, 612599",2001-06-29,2,1,passport,848431,8612,"Отд. гор. ст. Горно-Алтайск, ул. Бажова",2014-11-14
79568722034,1,Симонов Велимир Владиленович,506124044767,2195932044113,г. Петропавловск-Камчатский,Russia,"п. Байкальск, ул. Крупской, д. 64, 600653",2003-06-05,1,1,passport,857711,2736,"Отд. гор. клх Стерлитамак, ул. Луговая",2016-04-11
79769779021,1,Денисов Лукьян Давыдович,191611338863,9277929056952,д. Боровск,Russia,"к. Магас, ул. Азина, д. 37, 990360",2003-10-15,1,1,passport,938159,3477,"Отд. гор. г. Ейск, ул. Шевченко",2015-06-06
79651522906,1,Кулакова Валерия Геннадиевна,501102513067,6253792270071,г. Боровск,Russia,"с. Сарапул, ул. Литейная, д. 42, 609602",2003-05-22,2,1,passport,100599,4575,"Отд. гор. с. Москва, МГУ, ул. Чернышевского",2015-08-04
79992468963,1,Карпов Павел Артемьевич,101469244472,7728003306207,ст. Усть-Ишим,Russia,"ст. Королев, ул. 9 Мая, д. 50, 082752",1999-07-06,1,1,passport,360464,6733,"Отд. гор. г. Усть-Кулом, ул. Березовая",2016-02-06
79883705744,1,Мухина Элеонора Геннадиевна,389903921507,4426558340656,д. Егорьевск,Russia,"клх Агинское (Забайк.), ул. Восьмого Марта, д. 63, 309659",1991-08-15,2,1,passport,977328,6250,"Отд. гор. д. Киренск, ул. Сельская",2018-03-11
79965349384,1,Пахомов Яков Гавриилович,442918689605,9804262421434,д. Буйнакск,Russia,"клх Ступино, ул. Тепличная, д. 97, 491475",1995-09-13,1,1,passport,285949,2487,"Отд. гор. г. Уссурийск, ул. Черняховского",2011-04-01
79091128160,1,Петров Николай Матвеевич,814516838582,7554147450520,ст. Арсеньев,Russia,"клх Ишим, ул. Клары Цеткин, д. 02, 643981",1992-09-17,1,1,passport,522755,6372,"Отд. гор. г. Семлячики, ул. Металлистов",2016-08-26
79651628876,1,Щербакова Лариса Александровна,499015294970,5335411198642,клх Стерлитамак,Russia,"клх Ведено, ул. Промышленная, д. 19, 971659",2000-03-09,2,1,passport,372865,6508,"Отд. гор. ст. Шуя, ул. Ручейная",2014-10-27
79965603332,1,Мухина Милица Альбертовна,909532108562,9784948298256,к. Каргасок,Russia,"г. Хабаровск, ул. Заозерная, д. 06, 365744",1995-09-18,2,1,passport,772812,7043,"Отд. гор. клх Наро-Фоминск, ул. 50 лет Октября",2009-04-06
79775877637,1,Мясникова Елизавета Михайловна,259618422164,9915677669732,п. Кузнецк,Russia,"ст. Сасово, ул. Казачья, д. 44, 812656",1990-06-01,2,1,passport,856314,8063,"Отд. гор. п. Славгород, ул. Транспортная",2016-03-19
79701463058,1,Орехов Фотий Анатольевич,775107628367,4989884650770,г. Пермь,Russia,"г. Ханты-Мансийск, ул. 50 лет ВЛКСМ, д. 74, 531441",2000-09-05,1,1,passport,603589,1387,"Отд. гор. с. Гремячинск (Перм.), ул. Снежная",2016-03-17
79329372154,1,Никонова Агата Ивановна,722484171688,7731064470731,д. Адлер,Russia,"клх Комсомольск-на-Амуре, ул. Сурикова, д. 77, 632570",1996-12-27,2,1,passport,529407,7134,"Отд. гор. п. Когалым, ул. Тульская",2017-02-06
79817853312,1,Смирнова Эмилия Дмитриевна,883256580786,9748754085460,ст. Учалы,Russia,"ст. Касимов, ул. Мостовая, д. 37, 172845",2002-06-19,2,1,passport,961693,9946,"Отд. гор. д. Лысьва, ул. Рыбацкая",2016-03-18
79384958372,1,Чернова Любовь Владимировна,145808294668,8310967034107,г. Мыс Шмидта,Russia,"к. Кириши, ул. Новая, д. 32, 048212",2003-08-07,2,1,passport,158144,1153,"Отд. гор. п. Усинск, ул. Курортная",2019-02-22
79441592027,1,Пахомов Виссарион Аверьянович,409578547176,1299775373319,д. Сорочинск,Russia,"к. Минусинск, ул. Урожайная, д. 55, 795826",1994-10-03,1,1,passport,466508,3861,"Отд. гор. д. Шереметьево, ул. Главная",2015-11-27
79252649880,1,Одинцова Анжелика Андреевна,449403732646,7298878180131,с. Ачхой Мартан,Russia,"п. Можга, ул. Торговая, д. 96, 050620",1991-05-02,2,1,passport,475965,6746,"Отд. гор. с. Ирбит, ул. Восточная",2009-08-28
79880242395,1,Максимов Остромир Филимонович,934430056407,6016561747718,п. Борзя,Russia,"к. Тымовское, ул. Иванова, д. 07, 489569",1993-10-16,1,1,passport,158744,1741,"Отд. гор. д. Братск, ул. Титова",2017-10-03
79765848804,1,Зуева Евдокия Захаровна,156649702052,2145582648500,клх Соболево,Russia,"с. Соловки, ул. Котовского, д. 95, 799006",2003-09-28,2,1,passport,681504,6396,"Отд. гор. д. Семлячики, ул. Космодемьянской",2011-10-16
79558134480,1,Зиновьев Творимир Юльевич,628366847711,6856343478465,ст. Ханты-Мансийск,Russia,"г. Карталы, ул. Р.Люксембург, д. 96, 102739",1997-12-03,1,1,passport,680815,7124,"Отд. гор. д. Охотск, ул. Ивановская",2011-11-26
79455101332,1,Устинов Глеб Федотович,580708338561,7152793680352,п. Макушино,Russia,"с. Тутончаны, ул. Кольцова, д. 51, 861228",1998-02-08,1,1,passport,154325,6649,"Отд. гор. г. Можга, ул. Тукая",2011-08-13
79957953651,1,Калашникова Светлана Анатольевна,353893875235,8113036966471,ст. Березники,Russia,"д. Троицко-Печорск, ул. Добролюбова, д. 49, 534432",2001-12-15,2,1,passport,883752,2354,"Отд. гор. ст. Кунгур, ул. Томская",2010-03-06
79685041125,1,Тимофеев Аверкий Федотович,458213980457,7138717080041,к. Юрьевец (Иван.),Russia,"д. Чита, ул. Микрорайон, д. 69, 083666",1990-12-02,1,100,temporary_identification,559122,,"Отд. гор. ст. Усть-Камчатск, ул. Котовского",2018-12-22
79935025684,1,Семенова Ирина Рудольфовна,976972548705,1722038217614,клх Байкальск,Russia,"д. Каргасок, ул. Маркса Карла, д. 00, 564264",1998-05-22,0,1,passport,111244,3794,"Отд. гор. п. Тихорецк, ул. Проточная",2015-08-17
79431584837,1,Михайлова Ираида Анатольевна,471634625873,8855351499851,клх Хоста,Russia,"клх Пушкин, ул. Льва Толстого, д. 81, 629697",2002-08-15,2,1,passport,904915,1529,"Отд. гор. с. Магас, ул. Бульварная",2013-12-12
79154567410,1,Федоров Самуил Тарасович,584610695462,5003451355814,ст. Джубга,Russia,"к. Черкесск, ул. Вольная, д. 01, 919625",1996-12-20,1,1,passport,618043,2367,"Отд. гор. д. Игнашино, ул. Набережная",2014-03-06
79599356107,2,Комарова Анжела Юрьевна,3627422862,2348311952842,г. Голицыно,Russia,"д. Темрюк, ул. Октябрьская, д. 65, 348196",,,,,,,,
79615490863,1,Калинин Януарий Бориславович,290366275813,8670949222509,п. Ялуторовск,Russia,"г. Сузун, ул. М.Горького, д. 15, 135801",2001-10-13,1,1,passport,648266,5683,"Отд. гор. клх Нарткала, ул. Льва Толстого",2013-10-05
79354125546,1,Петров Виссарион Артурович,109685410295,4895062621321,к. Оймякон,Russia,"д. Коломна, ул. Трудовая, д. 66, 965869",1990-03-17,1,104,foreign_passport,317143,,"Отд. гор. ст. Апрелевка, ул. Ставропольская",2018-06-04
79413671178,1,Костин Никодим Владиславович,707206943828,9710396402764,д. Нижнекамск,Russia,"клх Шатура, ул. М.Горького, д. 22, 662199",2001-06-16,1,1,passport,496288,3658,"Отд. гор. ст. Якша, ул. Выгонная",2013-05-09
79698467097,1,Волков Глеб Антипович,777956737529,2334935664777,ст. Апатиты,Russia,"с. Двинской, ул. Балтийская, д. 59, 582843",2005-02-27,1,1,passport,486615,1543,"Отд. гор. п. Кедровый, ул. Марта 8",2011-07-29
79778931806,1,Бирюков Парфен Виленович,837134750670,6255978322820,г. Кудымкар,Russia,"к. Белореченск, ул. Западная, д. 94, 499811",1990-10-23,1,1,passport,730760,2179,"Отд. гор. п. Юровск, ул. Челюскинцев",2018-06-29
79022685333,1,Капустина Татьяна Тимофеевна,445905842831,4041551411175,г. Радужный,Russia,"д. Белореченск, ул. Вавилова, д. 55, 527466",1991-10-29,2,1,passport,777822,8211,"Отд. гор. к. Двинской, ул. Металлистов",2011-02-18
79715593884,1,Ермаков Анатолий Бориславич,720822473145,2468110629597,к. Новосибирск,Russia,"к. Красногорск (Моск.), ул. Ростовская, д. 68, 563494",1989-11-12,1,1,passport,881328,2923,"Отд. гор. с. Чулым, ул. Пограничная",2014-07-27
79358838839,1,Муравьев Никифор Тихонович,632194174009,5253235668731,с. Ульяновск,Russia,"с. Югорск, ул. Новоселов, д. 58, 136963",1992-03-20,1,1,passport,661017,8889,"Отд. гор. с. Ершов, ул. Некрасова",2011-02-21
79183721336,1,Абрамов Фадей Жоресович,342990065694,5239442689843,д. Шумиха,Russia,"клх Нарьян-Мар, ул. Азина, д. 23, 057106",2001-08-30,1,1,passport,624767,4995,"Отд. гор. с. Калязин, ул. Покровская",2017-04-26
79682663343,1,Вишнякова Галина Никифоровна,914506185804,9678840311413,г. Уфа,Russia,"ст. Хасан, ул. Коммуны, д. 78, 308489",1990-02-24,2,1,passport,288535,7760,"Отд. гор. д. Саратов, ул. Воровского",2013-01-13
79208065516,1,Калашников Боян Феофанович,425583123220,3930835702540,к. Дербент,Russia,"г. Муравленко, ул. Терешковой, д. 62, 148866",2003-02-28,0,1,passport,413150,7957,"Отд. гор. к. Кисловодск, ул. Поселковая",2014-09-19
79861197079,1,Матвеева Юлия Андреевна,354374663375,9729405725658,ст. Кяхта,Russia,"д. Ербогачен, ул. 50 лет Победы, д. 96, 191610",2004-02-24,2,1,passport,226096,3167,"Отд. гор. г. Ростов, ул. Фурманова",2015-09-18
79321629990,1,Лыткин Силантий Харитонович,979382210104,3801840695129,к. Ульяновск,Russia,"г. Новомосковск, ул. Рыбацкая, д. 89, 332809",1998-12-30,1,1,passport,285898,5025,"Отд. гор. клх Нязепетровск, ул. Веселая",2013-11-22
79347524164,1,Юдина Ульяна Егоровна,672644108699,5504553650902,ст. Якутск,Russia,"клх Радужный, ул. Поселковая, д. 78, 813746",2004-05-19,2,1,passport,837451,7323,"Отд. гор. с. Уренгой, ул. Кузнецова",2011-12-06
79133256711,1,Корнилов Аким Елизарович,803914198926,1774682438668,к. Бийск,Russia,"д. Красноуральск, ул. Маркса Карла, д. 27, 648753",2002-12-24,1,1,passport,431894,4676,"Отд. гор. с. Тулун, ул. Космодемьянской",2013-04-11
79987753353,1,Костин Матвей Харлампович,151155741540,7711592440971,ст. Шадринск,Russia,"д. Глазов, ул. Коммунистическая, д. 60, 435418",1994-05-13,1,1,passport,933945,8916,"Отд. гор. г. Невельск, ул. Высокая",2009-11-28
79901833286,1,Русакова Екатерина Кузминична,486784762503,3382871418486,ст. Малая Вишера,Russia,"д. Сеймчан, ул. Киевская, д. 53, 760680",2003-05-10,2,1,passport,854527,4943,"Отд. гор. к. Ирбит, ул. Лермонтова",2011-02-12
79135614640,1,Антонов Леонтий Гавриилович,274858756455,6032377498200,г. Ведено,Russia,"д. Бавлы, ул. К.Маркса, д. 30, 817801",1990-10-23,1,1,passport,380563,1820,"Отд. гор. с. Углегорск, ул. Калужская",2010-10-04
79872040711,1,Голубева Тамара Рубеновна,624515679741,1132441690787,г. Ржев,Russia,"п. Кузнецк, ул. Прибрежная, д. 15, 558241",2000-12-20,2,1,passport,913555,2140,"Отд. гор. ст. Минеральные Воды, ул. Производственная",2010-11-27
79744421730,1,Сергеев Максим Демидович,809506146448,3019204216832,д. Руза,Russia,"ст. Зеленогорск (Ленин.), ул. Демьяна Бедного, д. 07, 336620",1999-08-17,1,1,passport,646124,1482,"Отд. гор. ст. Токма, ул. Бажова",2010-07-18
79672462709,1,Кузнецов Егор Игоревич,208568239939,3708080520934,клх Ахтубинск,Russia,"клх Воскресенск, ул. Ворошилова, д. 76, 429240",1993-12-13,1,1,passport,272960,4031,"Отд. гор. с. Богучар, ул. Садовая",2011-05-25
79382149175,1,Герасимова Ксения Антоновна,126939115149,9658678587445,к. Лазаревское,Russia,"с. Вологда, ул. Мелиоративная, д. 87, 931242",1998-05-03,2,1,passport,660997,4829,"Отд. гор. к. Тарко-Сале, ул. Плеханова",2018-06-08
79685075798,1,Потапов Сильвестр Федосьевич,707521319775,3221083036995,г. Гаврилов-Ям,Russia,"д. Мытищи, ул. Пригородная, д. 30, 828208",2005-03-14,1,1,passport,737050,8307,"Отд. гор. ст. Тихвин, ул. Волочаевская",2012-04-08
79974550771,1,Субботина Агата Болеславовна,449704876746,5352746281441,г. Минусинск,Russia,"клх Орехово-Зуево, ул. Красноярская, д. 98, 523221",2003-08-11,2,1,passport,397979,1470,"Отд. гор. ст. Благовещенск (Амур.), ул. Гафури",2015-04-17
79457144483,1,Поляков Анатолий Тимурович,406167691354,1983545144589,ст. Троицк (Челяб.),Russia,"д. Галич, ул. Рязанская, д. 17, 206132",1997-05-20,1,1,passport,347271,3463,"Отд. гор. ст. Березники, ул. Амурская",2010-01-08
79870771980,2,Хохлов Трофим Матвеевич,3988485921,3648969971953,клх Любань,Russia,"г. Астрахань, ул. Красная, д. 85, 931891",,,,,,,,
79556907055,1,Ковалев Модест Данилович,185530035080,5934466051934,д. Хасавюрт,Russia,"с. Усть-Илимск, ул. Горького, д. 55, 617455",1999-11-04,1,1,passport,955926,3222,"Отд. гор. к. Гагарин, ул. Гафури",2018-01-17
79850911841,1,Соколов Герман Эдгардович,532509040290,9610551660461,с. Волгоград,Russia,"п. Хасан, ул. Овражная, д. 15, 109740",1997-05-04,1,1,passport,994841,4668,"Отд. гор. с. Жуковский, ул. Одесская",2010-07-16
